Fold,Accuracy
1,0.928431
2,0.926797
3,0.928686
4,0.927232
5,0.926722
