Fold,Accuracy
1,0.927771
2,0.926309
3,0.927966
4,0.926737
5,0.926227
