Fold,Accuracy
1,0.928161
2,0.926677
3,0.928371
4,0.926879
5,0.926459
